,num_characters,words_count,num_locations,us_viewers_in_millions,views,imdb_votes,imdb_rating,main_character_Bart Simpson,main_character_Else,main_character_Homer Simpson,main_character_Lisa Simpson,main_character_Marge Simpson,main_location_Elsewhere,main_location_Moe's Tavern,main_location_Simpson Home,main_location_Springfield Elementary School,main_location_Springfield Nuclear Power Plant
0,41,2522.0,29,30.3,50816.0,1511.0,7.4,0,0,1,0,0,1,0,0,0,0
1,34,2789.0,16,30.4,62561.0,1716.0,8.3,0,1,0,0,0,1,0,0,0,0
2,28,2647.0,19,33.6,59575.0,1638.0,8.2,1,0,0,0,0,1,0,0,0,0
3,29,2765.0,15,26.1,64959.0,1457.0,8.1,0,1,0,0,0,0,0,1,0,0
4,15,2689.0,14,25.4,50691.0,1366.0,8.0,0,0,1,0,0,1,0,0,0,0
5,33,2140.0,20,26.2,57605.0,1522.0,8.4,0,0,1,0,0,1,0,0,0,0
6,20,2816.0,16,24.8,56486.0,1340.0,7.8,0,0,1,0,0,1,0,0,0,0
7,46,2888.0,11,26.2,58277.0,1329.0,8.0,0,0,1,0,0,0,0,1,0,0
8,28,2919.0,17,26.8,47426.0,1413.0,8.2,0,0,1,0,0,1,0,0,0,0
9,28,2701.0,20,21.2,44331.0,1243.0,7.6,0,1,0,0,0,1,0,0,0,0
10,23,3067.0,8,17.7,52770.0,1684.0,8.5,0,1,0,0,0,0,0,0,1,0
11,20,2841.0,17,17.3,52829.0,1223.0,8.0,0,0,1,0,0,0,0,1,0,0
12,53,2579.0,29,20.2,52098.0,1274.0,7.7,0,0,1,0,0,0,0,1,0,0
13,43,2499.0,28,20.8,64342.0,1446.0,8.7,0,1,0,0,0,0,0,1,0,0
14,32,2764.0,30,20.2,45586.0,1262.0,7.7,0,1,0,0,0,0,0,1,0,0
15,31,2602.0,9,24.7,55808.0,1194.0,7.9,0,0,1,0,0,0,0,1,0,0
16,28,2632.0,11,21.1,55987.0,1291.0,8.2,0,1,0,0,0,0,0,0,0,1
17,55,2317.0,11,24.2,58919.0,1365.0,8.5,1,0,0,0,0,0,0,1,0,0
18,32,2596.0,10,20.5,53123.0,1272.0,8.3,0,0,1,0,0,0,0,1,0,0
19,38,2321.0,27,23.7,61508.0,1201.0,8.2,0,1,0,0,0,0,0,0,1,0
20,36,2411.0,21,25.5,46901.0,1233.0,7.9,0,0,1,0,0,0,0,1,0,0
21,33,2419.0,17,19.5,48058.0,1160.0,7.8,1,0,0,0,0,0,0,0,1,0
22,42,2338.0,25,21.8,67081.0,1414.0,8.4,1,0,0,0,0,0,0,1,0,0
23,26,2045.0,14,20.1,55740.0,1293.0,8.2,0,0,1,0,0,0,0,1,0,0
24,34,2180.0,18,28.6,62070.0,1350.0,8.5,0,0,1,0,0,0,0,1,0,0
25,46,1991.0,26,24.5,56396.0,1153.0,8.0,0,1,0,0,0,0,0,1,0,0
26,27,2239.0,23,27.6,57793.0,1638.0,7.9,0,0,1,0,0,1,0,0,0,0
27,28,2763.0,26,24.2,50206.0,1687.0,8.8,0,0,1,0,0,0,0,1,0,0
28,62,2147.0,22,17.3,68692.0,1080.0,7.7,0,1,0,0,0,0,0,1,0,0
29,56,2074.0,24,19.9,58390.0,1416.0,8.4,0,0,1,0,0,0,0,1,0,0
30,41,2581.0,17,18.1,64802.0,1476.0,8.6,0,0,1,0,0,0,0,1,0,0
31,45,2497.0,32,21.7,53490.0,1132.0,8.0,0,0,1,0,0,0,0,1,0,0
32,42,2112.0,28,20.1,83238.0,1270.0,8.7,0,0,1,0,0,1,0,0,0,0
33,37,2352.0,19,20.1,74673.0,1202.0,8.2,0,0,1,0,0,0,0,1,0,0
34,43,2405.0,22,20.0,66267.0,1123.0,8.1,1,0,0,0,0,0,0,1,0,0
35,48,2693.0,19,20.5,61715.0,1187.0,8.2,0,0,0,1,0,0,0,1,0,0
36,42,2417.0,18,17.0,63427.0,1116.0,7.9,0,0,1,0,0,0,0,1,0,0
37,36,2395.0,16,15.1,59503.0,1014.0,7.5,0,1,0,0,0,0,0,1,0,0
38,39,1949.0,20,15.1,65126.0,1330.0,8.6,1,0,0,0,0,1,0,0,0,0
39,42,2073.0,30,14.8,72722.0,1277.0,8.5,0,0,0,0,1,0,0,1,0,0
40,32,2330.0,24,17.9,63564.0,1236.0,8.4,0,0,1,0,0,1,0,0,0,0
41,36,2524.0,24,15.6,61569.0,1100.0,7.8,0,0,1,0,0,1,0,0,0,0
42,31,2193.0,12,17.3,63051.0,1284.0,8.5,0,0,1,0,0,0,0,1,0,0
43,39,2396.0,20,17.6,73123.0,1254.0,8.5,0,0,1,0,0,1,0,0,0,0
44,28,2789.0,22,18.9,60599.0,1006.0,7.9,0,0,1,0,0,1,0,0,0,0
45,24,2197.0,23,11.6,62323.0,1051.0,8.1,0,1,0,0,0,1,0,0,0,0
46,41,2391.0,28,12.6,56001.0,1084.0,8.3,0,0,0,1,0,1,0,0,0,0
47,39,2403.0,23,13.1,70698.0,1285.0,8.6,1,0,0,0,0,0,0,1,0,0
48,47,2523.0,26,15.7,62390.0,1172.0,8.3,1,0,0,0,0,0,0,1,0,0
49,48,2433.0,18,14.8,65333.0,1354.0,8.7,1,0,0,0,0,1,0,0,0,0
50,37,2023.0,16,19.7,110342.0,1304.0,8.5,0,0,1,0,0,0,0,1,0,0
51,27,2334.0,12,16.7,68970.0,1146.0,8.3,0,0,0,0,1,0,0,1,0,0
52,40,2553.0,15,16.7,72268.0,1064.0,8.3,0,0,1,0,0,1,0,0,0,0
53,41,2678.0,24,15.0,71230.0,954.0,7.7,0,1,0,0,0,0,0,1,0,0
54,34,2239.0,17,23.1,54557.0,1240.0,8.2,0,0,1,0,0,0,0,1,0,0
55,51,2340.0,19,10.5,66536.0,1393.0,8.8,0,1,0,0,0,0,0,1,0,0
56,40,2602.0,26,11.3,75618.0,995.0,8.0,0,1,0,0,0,1,0,0,0,0
57,29,2167.0,20,14.7,65847.0,1119.0,8.3,0,0,0,1,0,1,0,0,0,0
58,28,2819.0,19,12.6,55497.0,1079.0,7.7,0,1,0,0,0,1,0,0,0,0
60,44,2266.0,26,20.9,69555.0,1793.0,9.0,0,0,1,0,0,0,0,1,0,0
61,37,2404.0,14,14.0,71813.0,998.0,7.8,0,0,0,0,1,0,0,1,0,0
62,41,2676.0,7,15.5,58581.0,1079.0,7.9,0,0,1,0,0,1,0,0,0,0
63,19,2655.0,14,15.3,63355.0,1666.0,8.9,0,0,1,0,0,0,0,1,0,0
64,39,2488.0,20,14.6,83561.0,1330.0,8.7,0,0,1,0,0,0,0,1,0,0
66,42,2335.0,14,16.9,59088.0,973.0,8.0,0,0,0,0,1,1,0,0,0,0
67,30,2407.0,13,12.7,59196.0,967.0,7.8,0,1,0,0,0,1,0,0,0,0
68,25,2731.0,15,14.9,48414.0,1158.0,7.4,0,1,0,0,0,0,0,0,1,0
69,41,2351.0,15,10.6,31033.0,925.0,7.7,0,0,1,0,0,0,0,1,0,0
70,42,2666.0,16,9.3,22318.0,978.0,8.0,0,0,0,1,0,0,0,1,0,0
71,14,762.0,2,8.9,15780.0,1119.0,5.1,0,0,1,0,0,0,0,1,0,0
72,44,2752.0,14,9.4,27710.0,1042.0,8.2,0,0,1,0,0,1,0,0,0,0
73,30,2256.0,14,8.9,20739.0,906.0,7.8,1,0,0,0,0,0,0,1,0,0
74,43,2522.0,25,7.4,23426.0,949.0,7.9,0,1,0,0,0,1,0,0,0,0
75,43,2531.0,26,10.2,26299.0,1108.0,8.5,0,0,1,0,0,1,0,0,0,0
76,41,2198.0,20,8.6,53823.0,931.0,8.1,0,0,1,0,0,0,0,1,0,0
77,29,2467.0,12,7.95,53216.0,988.0,8.2,0,0,1,0,0,0,0,1,0,0
78,30,1858.0,12,8.5,83169.0,1013.0,8.0,0,0,1,0,0,0,0,1,0,0
79,43,2533.0,13,8.5,56762.0,975.0,8.2,0,0,1,0,0,1,0,0,0,0
80,55,2352.0,25,8.8,57693.0,834.0,7.7,0,0,1,0,0,0,0,1,0,0
81,32,2693.0,19,7.6,53449.0,795.0,7.5,0,0,1,0,0,0,0,1,0,0
82,32,2432.0,14,8.5,47851.0,831.0,7.6,0,0,1,0,0,0,0,1,0,0
83,38,2466.0,22,7.26,44242.0,789.0,7.2,0,1,0,0,0,1,0,0,0,0
84,37,2294.0,28,8.0,55947.0,964.0,7.9,0,0,1,0,0,1,0,0,0,0
85,40,2479.0,22,6.7,46141.0,797.0,7.5,0,0,1,0,0,1,0,0,0,0
86,42,2567.0,26,8.4,51431.0,817.0,7.6,0,0,1,0,0,1,0,0,0,0
87,29,2421.0,14,9.2,40465.0,747.0,7.1,0,1,0,0,0,1,0,0,0,0
88,30,2272.0,8,11.3,43949.0,747.0,7.3,0,0,1,0,0,1,0,0,0,0
89,42,2539.0,21,10.8,47392.0,887.0,7.9,0,0,1,0,0,0,0,1,0,0
90,38,2431.0,23,9.4,52891.0,755.0,7.3,0,1,0,0,0,0,1,0,0,0
91,29,2335.0,19,7.46,52176.0,805.0,6.6,0,0,1,0,0,0,0,1,0,0
92,34,2296.0,19,7.5,54146.0,737.0,7.3,0,0,0,0,1,0,0,1,0,0
93,40,1739.0,28,13.2,77719.0,829.0,7.6,0,0,1,0,0,0,0,1,0,0
94,47,2360.0,27,16.4,40443.0,733.0,7.1,0,1,0,0,0,0,0,1,0,0
95,40,2347.0,25,15.6,51100.0,782.0,7.7,0,0,1,0,0,0,0,1,0,0
96,32,2494.0,17,15.0,51024.0,760.0,7.3,0,0,0,0,1,0,0,0,1,0
97,35,2245.0,21,15.4,49986.0,668.0,7.2,0,1,0,0,0,1,0,0,0,0
98,47,2214.0,14,17.6,49811.0,731.0,7.4,0,0,1,0,0,1,0,0,0,0
99,29,1814.0,21,13.3,49065.0,719.0,6.9,0,0,1,0,0,1,0,0,0,0
100,46,2477.0,20,13.8,50070.0,666.0,7.3,0,0,1,0,0,0,0,1,0,0
101,44,1793.0,18,13.0,77136.0,824.0,7.5,0,0,1,0,0,0,0,1,0,0
102,28,2455.0,19,14.4,44651.0,698.0,7.2,0,1,0,0,0,0,1,0,0,0
103,29,2377.0,18,12.9,45288.0,716.0,7.7,0,0,1,0,0,0,0,1,0,0
104,29,1954.0,22,13.2,42977.0,683.0,7.5,0,0,1,0,0,0,0,1,0,0
105,26,2043.0,17,13.2,44787.0,656.0,6.5,0,1,0,0,0,0,0,1,0,0
106,22,1438.0,17,11.1,50694.0,670.0,7.0,0,0,1,0,0,0,0,1,0,0
107,20,1091.0,6,12.3,46335.0,721.0,5.6,0,0,1,0,0,1,0,0,0,0
108,46,2355.0,24,23.6,57400.0,1445.0,8.7,0,0,1,0,0,1,0,0,0,0
109,41,2106.0,22,13.3,43130.0,645.0,7.0,1,0,0,0,0,0,0,1,0,0
110,40,2055.0,20,15.5,48110.0,628.0,7.3,0,1,0,0,0,0,0,1,0,0
111,47,2415.0,23,12.8,47170.0,598.0,7.3,0,0,1,0,0,0,0,1,0,0
112,44,2337.0,20,13.4,46336.0,598.0,6.8,0,0,1,0,0,0,0,1,0,0
113,31,2451.0,20,13.0,47386.0,557.0,7.3,0,0,1,0,0,0,0,1,0,0
114,35,2811.0,16,12.02,49263.0,649.0,7.2,0,0,1,0,0,0,0,1,0,0
115,49,2524.0,24,10.56,47288.0,570.0,6.9,0,0,1,0,0,0,0,1,0,0
116,34,2350.0,20,13.44,45931.0,697.0,7.7,0,1,0,0,0,0,0,1,0,0
117,37,2351.0,20,12.4,34590.0,595.0,7.3,0,0,1,0,0,0,0,1,0,0
118,26,1786.0,20,11.7,39180.0,586.0,7.2,0,0,1,0,0,0,0,1,0,0
119,58,2330.0,28,11.3,40667.0,588.0,7.2,0,0,1,0,0,0,0,1,0,0
120,30,1995.0,14,16.3,42776.0,607.0,7.3,0,0,1,0,0,0,0,1,0,0
121,23,2118.0,16,12.6,43969.0,589.0,7.1,0,0,0,1,0,0,0,1,0,0
122,40,2605.0,19,11.2,47246.0,560.0,6.9,0,0,1,0,0,0,0,1,0,0
123,44,2198.0,29,9.3,47274.0,609.0,7.0,0,0,0,0,1,0,0,1,0,0
124,31,2164.0,21,6.6,43128.0,587.0,7.3,0,0,1,0,0,0,0,1,0,0
125,35,2271.0,24,9.2,44954.0,553.0,7.2,0,1,0,0,0,1,0,0,0,0
126,23,2180.0,16,9.95,40958.0,556.0,7.1,0,0,0,0,1,0,0,1,0,0
127,40,2453.0,14,10.31,44210.0,539.0,7.1,0,0,1,0,0,0,0,1,0,0
128,36,2545.0,18,9.97,46256.0,523.0,7.0,0,1,0,0,0,0,1,0,0,0
129,35,2494.0,11,10.39,49371.0,580.0,7.1,0,0,1,0,0,0,0,1,0,0
130,41,2319.0,30,10.28,44914.0,586.0,7.0,0,0,1,0,0,1,0,0,0,0
131,49,2373.0,28,7.48,45174.0,535.0,6.9,0,0,1,0,0,1,0,0,0,0
132,34,2223.0,20,10.79,50610.0,562.0,7.2,0,1,0,0,0,0,0,1,0,0
133,45,2404.0,25,10.05,46504.0,575.0,7.3,0,0,1,0,0,0,0,1,0,0
134,29,2519.0,19,11.1,33933.0,618.0,6.3,0,0,1,0,0,0,0,1,0,0
135,48,2059.0,22,25.7,84874.0,1209.0,8.3,0,0,1,0,0,0,0,1,0,0
136,40,2168.0,21,11.46,39577.0,560.0,6.7,0,0,1,0,0,0,0,1,0,0
137,48,1972.0,24,9.8,43082.0,553.0,6.9,0,1,0,0,0,0,0,1,0,0
138,35,2069.0,11,9.51,39745.0,597.0,6.4,0,1,0,0,0,0,0,1,0,0
139,27,2195.0,19,8.75,44012.0,558.0,7.0,0,0,1,0,0,1,0,0,0,0
140,35,2045.0,18,7.83,42303.0,577.0,6.6,0,1,0,0,0,0,0,1,0,0
141,43,2605.0,25,8.5,43162.0,558.0,6.7,0,0,1,0,0,0,0,1,0,0
142,36,2133.0,23,11.5,41321.0,754.0,7.5,0,1,0,0,0,1,0,0,0,0
143,28,2108.0,18,9.72,41865.0,623.0,6.8,0,0,1,0,0,0,0,1,0,0
144,34,2200.0,27,11.43,42160.0,656.0,6.9,0,0,1,0,0,1,0,0,0,0
145,38,2038.0,14,10.9,43032.0,603.0,7.0,0,0,1,0,0,0,0,1,0,0
146,43,2161.0,16,8.96,43700.0,624.0,6.4,0,1,0,0,0,0,0,1,0,0
147,39,2077.0,21,8.27,52730.0,672.0,7.0,1,0,0,0,0,0,0,1,0,0
148,50,2450.0,16,9.09,41561.0,644.0,7.1,1,0,0,0,0,1,0,0,0,0
149,33,1950.0,20,6.91,42602.0,610.0,7.2,0,0,1,0,0,0,0,1,0,0
150,31,1873.0,22,7.72,46262.0,542.0,7.1,0,0,1,0,0,0,0,1,0,0
151,27,1807.0,19,9.8,45026.0,1179.0,8.1,1,0,0,0,0,1,0,0,0,0
152,31,1969.0,20,8.4,33792.0,684.0,6.7,0,0,1,0,0,1,0,0,0,0
153,28,2063.0,16,10.57,39369.0,591.0,6.7,0,0,1,0,0,0,0,1,0,0
154,37,2496.0,21,9.0,42596.0,673.0,7.1,0,1,0,0,0,1,0,0,0,0
155,49,2318.0,16,8.2,44512.0,633.0,6.9,0,0,1,0,0,0,0,1,0,0
156,20,1846.0,15,8.18,42141.0,788.0,7.7,1,0,0,0,0,0,0,0,1,0
157,39,2259.0,13,7.1,41735.0,580.0,6.7,0,0,1,0,0,0,0,1,0,0
158,31,2099.0,24,7.69,41118.0,601.0,6.9,1,0,0,0,0,0,0,1,0,0
159,35,2107.0,17,6.02,39443.0,613.0,7.1,0,0,1,0,0,0,0,1,0,0
160,26,1971.0,18,7.43,38186.0,681.0,6.9,1,0,0,0,0,0,0,1,0,0
161,1,1.0,1,12.48,21509.0,757.0,7.1,0,1,0,0,0,1,0,0,0,0
162,29,1480.0,21,25.5,49139.0,1105.0,7.2,0,0,1,0,0,0,0,1,0,0
163,23,2153.0,22,5.99,43663.0,652.0,7.2,0,0,0,1,0,1,0,0,0,0
164,39,2310.0,16,5.94,42390.0,554.0,7.0,0,0,1,0,0,0,0,1,0,0
165,37,2226.0,25,5.16,44718.0,591.0,6.3,0,0,0,0,1,1,0,0,0,0
166,39,2315.0,16,8.31,39936.0,698.0,7.1,0,0,1,0,0,1,0,0,0,0
167,50,2075.0,21,9.02,37909.0,529.0,6.8,0,0,0,1,0,1,0,0,0,0
168,35,2406.0,23,8.65,36227.0,481.0,6.8,0,0,1,0,0,0,0,1,0,0
169,36,2259.0,21,5.11,40854.0,532.0,7.1,0,0,1,0,0,0,0,1,0,0
170,23,2145.0,27,5.23,41357.0,480.0,7.1,0,0,1,0,0,0,0,1,0,0
171,25,2476.0,20,5.69,44070.0,675.0,5.7,0,0,1,0,0,1,0,0,0,0
172,29,2374.0,21,5.66,40904.0,491.0,6.9,0,1,0,0,0,0,0,1,0,0
173,44,2419.0,16,5.74,41830.0,507.0,6.6,0,1,0,0,0,0,0,1,0,0
174,36,2247.0,16,8.59,35051.0,506.0,6.8,0,0,1,0,0,1,0,0,0,0
175,28,2277.0,16,8.97,40637.0,482.0,7.2,0,0,0,1,0,0,0,1,0,0
176,31,2210.0,16,9.54,43781.0,564.0,6.9,1,0,0,0,0,0,0,1,0,0
177,28,2190.0,27,7.18,40276.0,528.0,7.0,0,0,1,0,0,0,0,1,0,0
178,33,1883.0,16,6.5,42691.0,486.0,7.0,0,0,1,0,0,0,0,1,0,0
179,40,2169.0,21,6.35,42693.0,559.0,7.2,0,0,1,0,0,1,0,0,0,0
180,29,2082.0,16,5.44,38893.0,481.0,6.1,0,0,1,0,0,1,0,0,0,0
181,28,2290.0,17,4.99,41560.0,491.0,7.0,0,1,0,0,0,1,0,0,0,0
182,37,2175.0,30,6.0,46660.0,505.0,7.3,0,0,0,1,0,0,0,0,1,0
183,40,2262.0,23,8.08,39209.0,672.0,7.2,0,0,1,0,0,0,0,1,0,0
184,34,1841.0,12,8.1,63816.0,654.0,6.6,0,0,1,0,0,0,0,1,0,0
185,27,2361.0,19,7.5,42746.0,562.0,7.2,0,0,1,0,0,0,0,1,0,0
186,26,2443.0,25,9.01,39002.0,476.0,6.2,0,1,0,0,0,1,0,0,0,0
187,34,2645.0,17,5.07,44074.0,549.0,6.1,0,0,1,0,0,0,0,1,0,0
188,47,1993.0,17,5.12,39838.0,562.0,5.7,0,1,0,0,0,0,1,0,0,0
190,49,2488.0,11,17.9,82216.0,1274.0,8.5,0,0,1,0,0,1,0,0,0,0
191,33,2221.0,11,4.86,43422.0,470.0,7.1,0,0,1,0,0,0,0,1,0,0
192,36,2309.0,19,4.84,43544.0,405.0,6.9,0,0,1,0,0,0,0,0,1,0
193,43,2437.0,13,4.82,44434.0,1215.0,4.5,0,0,0,1,0,1,0,0,0,0
194,43,2427.0,18,5.06,36897.0,426.0,6.3,0,1,0,0,0,1,0,0,0,0
195,25,2404.0,21,3.77,40726.0,441.0,7.2,0,0,1,0,0,0,0,1,0,0
196,38,1989.0,19,5.04,41542.0,408.0,7.0,0,1,0,0,0,0,0,0,1,0
197,45,2461.0,17,4.19,41828.0,471.0,6.5,0,1,0,0,0,1,0,0,0,0
198,30,2299.0,16,4.66,39510.0,423.0,6.2,0,1,0,0,0,0,0,1,0,0
199,34,2403.0,18,4.11,43471.0,425.0,6.5,0,0,1,0,0,1,0,0,0,0
200,29,2504.0,13,4.43,42810.0,371.0,6.8,0,1,0,0,0,0,0,1,0,0
201,28,2047.0,23,6.37,47531.0,635.0,7.0,0,0,1,0,0,0,0,1,0,0
202,31,2289.0,15,4.2,44551.0,489.0,6.7,0,0,1,0,0,0,0,1,0,0
203,34,2376.0,19,6.78,39590.0,468.0,6.5,0,0,0,1,0,0,0,0,1,0
204,45,1894.0,12,8.48,39290.0,449.0,6.5,0,0,0,0,1,0,0,1,0,0
205,28,2176.0,12,3.87,44119.0,431.0,7.2,0,0,1,0,0,0,0,1,0,0
206,42,2269.0,26,3.75,44512.0,468.0,6.7,0,1,0,0,0,1,0,0,0,0
207,23,2648.0,20,3.98,41726.0,414.0,7.0,0,0,1,0,0,0,0,1,0,0
208,26,2577.0,14,4.3,45184.0,415.0,6.5,0,0,1,0,0,0,0,1,0,0
209,1,1.0,1,4.39,65613.0,705.0,7.7,0,1,0,0,0,1,0,0,0,0
210,47,2236.0,21,3.28,46408.0,416.0,6.7,1,0,0,0,0,0,0,0,1,0
211,25,1621.0,13,4.27,38411.0,490.0,6.9,0,0,1,0,0,0,0,1,0,0
212,28,2296.0,23,4.22,36410.0,442.0,6.3,0,1,0,0,0,0,0,1,0,0
213,33,1941.0,17,6.7,43513.0,456.0,6.9,0,0,1,0,0,0,0,1,0,0
214,32,2040.0,17,10.62,36622.0,578.0,6.8,0,0,1,0,0,1,0,0,0,0
215,23,2461.0,18,3.29,35848.0,439.0,5.8,0,0,1,0,0,0,0,1,0,0
216,1,1.0,1,3.23,40157.0,334.0,6.7,0,1,0,0,0,1,0,0,0,0
217,17,2469.0,18,33.5,64776.0,1578.0,7.5,0,1,0,0,0,1,0,0,0,0
218,25,2685.0,26,31.2,60458.0,1539.0,7.8,0,0,1,0,0,0,0,1,0,0
219,23,2380.0,18,27.1,57590.0,1567.0,7.9,0,0,1,0,0,0,0,1,0,0
220,29,2561.0,11,29.9,58553.0,1588.0,8.3,0,0,1,0,0,0,0,0,0,1
221,12,2392.0,16,27.4,130282.0,1786.0,8.2,0,0,1,0,0,1,0,0,0,0
222,40,2703.0,22,26.1,49005.0,1381.0,7.5,0,0,1,0,0,1,0,0,0,0
223,29,2374.0,13,25.9,47539.0,1324.0,7.7,1,0,0,0,0,0,0,1,0,0
224,25,2428.0,12,22.2,55413.0,1402.0,8.1,0,0,0,0,1,0,0,1,0,0
225,28,2882.0,17,26.8,51182.0,1392.0,8.2,0,0,1,0,0,1,0,0,0,0
226,22,2474.0,16,23.9,46823.0,1241.0,7.5,0,1,0,0,0,0,0,1,0,0
227,24,2257.0,10,23.9,47780.0,1264.0,7.5,0,0,1,0,0,0,0,1,0,0
228,29,2966.0,18,19.7,51997.0,1246.0,7.9,0,0,1,0,0,0,0,1,0,0
229,1,1.0,1,2.77,43978.0,335.0,6.8,0,1,0,0,0,1,0,0,0,0
241,38,2904.0,23,26.7,171408.0,3734.0,8.2,0,0,1,0,0,0,0,1,0,0
242,22,2731.0,13,24.5,91423.0,1973.0,7.8,1,0,0,0,0,0,0,0,1,0
243,34,2700.0,26,20.2,67378.0,1701.0,7.8,0,0,1,0,0,1,0,0,0,0
244,19,2396.0,20,27.4,55355.0,1674.0,7.6,0,0,1,0,0,1,0,0,0,0
245,36,2600.0,19,28.0,66311.0,1580.0,7.7,1,0,0,0,0,1,0,0,0,0
246,33,2865.0,14,21.0,50403.0,1379.0,8.4,1,0,0,0,0,1,0,0,0,0
247,37,2912.0,12,22.9,55238.0,1798.0,8.6,0,0,1,0,0,0,0,1,0,0
248,34,2755.0,14,22.8,53499.0,1302.0,8.2,0,0,1,0,0,0,0,1,0,0
249,40,2780.0,15,20.6,50601.0,1452.0,8.5,0,1,0,0,0,0,0,1,0,0
250,27,2179.0,22,20.1,53404.0,1122.0,8.1,0,1,0,0,0,0,0,1,0,0
251,39,1906.0,20,23.8,59040.0,1176.0,8.1,0,0,1,0,0,0,0,1,0,0
252,36,2109.0,21,24.0,110251.0,1437.0,8.7,1,0,0,0,0,1,0,0,0,0
253,47,2329.0,31,23.0,88171.0,2028.0,9.0,0,1,0,0,0,1,0,0,0,0
254,42,2251.0,23,25.2,62309.0,1268.0,8.3,0,0,0,1,0,0,0,1,0,0
255,56,2288.0,28,20.6,59350.0,1308.0,8.4,0,0,1,0,0,0,0,0,0,1
256,30,2287.0,18,23.4,49665.0,1165.0,7.7,0,0,1,0,0,0,0,1,0,0
257,49,2402.0,23,20.0,103012.0,1369.0,8.2,0,0,1,0,0,0,0,1,0,0
258,26,2529.0,17,23.0,53093.0,1243.0,7.9,0,0,1,0,0,0,0,1,0,0
259,31,2273.0,13,22.9,69527.0,1163.0,7.8,0,0,1,0,0,0,0,1,0,0
260,30,2509.0,25,21.9,47880.0,1213.0,8.2,0,0,1,0,0,0,0,1,0,0
261,39,2052.0,14,22.4,71907.0,1827.0,9.0,0,1,0,0,0,0,0,0,0,1
262,37,3053.0,15,23.2,49457.0,1179.0,8.0,0,0,1,0,0,0,0,1,0,0
263,36,2465.0,26,17.5,50068.0,1176.0,7.7,0,1,0,0,0,0,0,1,0,0
264,51,2174.0,11,19.5,57149.0,1479.0,8.9,0,0,1,0,0,0,0,1,0,0
265,41,2152.0,25,23.7,58991.0,1176.0,8.0,0,0,1,0,0,0,0,1,0,0
266,40,2897.0,20,24.6,72378.0,1637.0,8.6,0,1,0,0,0,1,0,0,0,0
267,47,2198.0,19,20.0,60739.0,1234.0,8.1,0,1,0,0,0,0,0,1,0,0
268,53,2226.0,20,19.0,52203.0,1194.0,7.8,0,0,1,0,0,0,0,1,0,0
269,53,2048.0,24,19.4,59948.0,1269.0,8.2,0,1,0,0,0,0,0,1,0,0
270,20,2551.0,16,17.3,57582.0,1233.0,8.2,0,1,0,0,0,0,0,1,0,0
271,24,2053.0,9,18.3,54487.0,1339.0,8.1,0,0,0,0,1,0,0,1,0,0
272,53,1659.0,21,25.1,108171.0,1394.0,8.4,0,1,0,0,0,0,0,1,0,0
273,45,2159.0,22,24.0,63564.0,1595.0,8.8,0,0,1,0,0,0,0,1,0,0
274,30,2513.0,19,21.8,58716.0,1171.0,8.3,0,1,0,0,0,1,0,0,0,0
275,38,2287.0,28,18.0,69996.0,1191.0,8.5,0,0,1,0,0,1,0,0,0,0
276,36,2347.0,19,14.7,81678.0,1143.0,8.4,0,1,0,0,0,1,0,0,0,0
277,37,2230.0,18,14.2,61246.0,1023.0,8.0,0,1,0,0,0,1,0,0,0,0
278,27,2323.0,23,14.1,64719.0,1060.0,8.0,0,0,1,0,0,0,0,1,0,0
279,34,2674.0,21,12.9,57830.0,1103.0,8.2,0,1,0,0,0,1,0,0,0,0
280,46,2301.0,13,18.7,67619.0,1221.0,8.6,0,1,0,0,0,0,0,0,1,0
281,32,2357.0,16,14.5,70120.0,1088.0,8.3,0,0,0,0,1,1,0,0,0,0
282,26,2606.0,13,14.4,58572.0,962.0,7.7,0,0,0,0,1,1,0,0,0,0
283,27,2152.0,17,15.1,80724.0,1353.0,8.5,1,0,0,0,0,0,0,1,0,0
284,33,2360.0,11,17.0,81426.0,1633.0,9.0,0,0,1,0,0,0,0,1,0,0
285,35,2742.0,18,15.6,67959.0,1060.0,8.0,0,0,1,0,0,0,0,1,0,0
286,32,2618.0,20,16.7,54225.0,1156.0,8.1,0,0,0,1,0,1,0,0,0,0
287,48,2344.0,22,14.4,71936.0,1223.0,8.5,0,0,1,0,0,0,0,1,0,0
288,38,2584.0,26,14.4,74266.0,1190.0,8.3,0,0,0,1,0,1,0,0,0,0
289,32,2244.0,21,13.5,42576.0,1051.0,6.0,0,0,0,0,1,0,0,1,0,0
290,44,2383.0,20,14.6,69245.0,1288.0,8.5,0,0,0,1,0,0,0,1,0,0
291,53,2519.0,33,11.8,74788.0,1004.0,8.1,0,1,0,0,0,0,0,1,0,0
292,51,2436.0,24,14.4,76932.0,1142.0,8.3,0,1,0,0,0,1,0,0,0,0
293,29,2404.0,15,15.3,62450.0,1150.0,8.0,1,0,0,0,0,1,0,0,0,0
294,33,2815.0,14,16.0,67579.0,1497.0,8.9,0,0,0,1,0,1,0,0,0,0
295,36,2505.0,24,12.7,79777.0,1003.0,8.2,0,0,1,0,0,1,0,0,0,0
296,15,2627.0,14,14.1,68354.0,1609.0,8.9,0,1,0,0,0,0,0,0,0,1
297,43,2526.0,18,17.0,71577.0,1655.0,9.0,0,0,1,0,0,1,0,0,0,0
298,30,2320.0,17,20.1,71002.0,1457.0,8.9,0,0,1,0,0,1,0,0,0,0
299,30,2194.0,6,16.4,56153.0,1038.0,7.5,0,1,0,0,0,1,0,0,0,0
300,31,2589.0,10,16.5,64224.0,1264.0,8.7,0,1,0,0,0,1,0,0,0,0
301,30,2350.0,11,13.4,58795.0,1039.0,8.1,0,0,0,1,0,1,0,0,0,0
302,34,2687.0,15,15.3,61085.0,1226.0,8.5,0,0,1,0,0,0,0,1,0,0
303,31,2383.0,14,13.0,69120.0,1122.0,8.3,0,1,0,0,0,1,0,0,0,0
304,51,2398.0,16,12.9,60569.0,1095.0,8.0,0,0,1,0,0,1,0,0,0,0
305,36,2262.0,17,12.9,20008.0,980.0,8.1,0,0,1,0,0,0,0,1,0,0
306,34,2138.0,14,17.7,57608.0,1088.0,7.7,0,0,1,0,0,0,0,1,0,0
307,28,2077.0,14,18.3,102077.0,1186.0,8.3,0,0,1,0,0,0,0,1,0,0
308,23,2571.0,17,15.1,56659.0,1100.0,8.2,0,1,0,0,0,1,0,0,0,0
309,39,2613.0,13,17.0,61146.0,1085.0,8.0,0,1,0,0,0,0,1,0,0,0
310,53,2495.0,9,14.1,60210.0,1098.0,8.2,0,0,1,0,0,1,0,0,0,0
311,30,2161.0,21,7.6,55316.0,880.0,7.7,0,0,0,1,0,0,0,0,0,1
312,25,2453.0,15,8.5,21811.0,905.0,7.9,1,0,0,0,0,1,0,0,0,0
313,32,2403.0,19,10.6,25183.0,888.0,7.5,0,0,0,0,1,1,0,0,0,0
314,33,2662.0,20,14.0,56833.0,967.0,7.9,0,1,0,0,0,0,0,1,0,0
315,27,2598.0,15,12.8,60956.0,1008.0,8.0,0,0,1,0,0,0,0,1,0,0
316,36,2429.0,16,15.1,54247.0,1020.0,8.1,0,0,0,1,0,0,0,1,0,0
317,36,2527.0,12,9.5,20298.0,878.0,7.5,0,1,0,0,0,0,0,1,0,0
318,36,2278.0,15,10.3,30921.0,1081.0,8.2,0,0,1,0,0,0,0,1,0,0
319,29,2614.0,15,13.3,60584.0,995.0,8.2,0,1,0,0,0,0,0,0,1,0
321,57,2261.0,37,9.0,23127.0,1026.0,8.3,0,0,1,0,0,0,0,1,0,0
322,31,2370.0,17,11.6,57926.0,1006.0,7.3,0,1,0,0,0,0,1,0,0,0
323,40,1885.0,26,10.5,62962.0,1918.0,9.1,0,0,1,0,0,0,1,0,0,0
324,41,2094.0,15,9.6,19899.0,958.0,7.6,0,0,1,0,0,0,0,1,0,0
325,29,2108.0,14,9.2,60952.0,962.0,8.3,0,0,1,0,0,0,0,1,0,0
326,26,2190.0,10,9.6,32487.0,1036.0,8.1,1,0,0,0,0,1,0,0,0,0
327,31,2534.0,15,7.0,56018.0,932.0,7.6,0,0,0,1,0,0,0,0,1,0
328,27,2499.0,10,11.7,22426.0,938.0,7.7,0,0,1,0,0,1,0,0,0,0
329,44,2494.0,14,10.4,21608.0,957.0,8.0,0,0,0,1,0,0,0,1,0,0
330,27,2554.0,14,14.4,57809.0,1016.0,8.0,1,0,0,0,0,0,0,1,0,0
331,31,2745.0,15,9.0,43485.0,934.0,7.3,0,0,1,0,0,1,0,0,0,0
332,29,2623.0,19,8.0,50013.0,909.0,8.0,0,0,0,1,0,0,0,1,0,0
333,33,2416.0,16,7.2,50300.0,863.0,7.3,0,0,1,0,0,1,0,0,0,0
334,34,2072.0,29,14.9,39480.0,731.0,7.2,0,0,0,1,0,0,0,1,0,0
335,65,2597.0,13,11.5,50051.0,880.0,6.9,0,0,1,0,0,1,0,0,0,0
336,39,2342.0,14,15.5,54195.0,843.0,7.6,0,0,1,0,0,1,0,0,0,0
337,41,2177.0,23,9.2,44615.0,759.0,7.3,0,0,1,0,0,1,0,0,0,0
338,30,1911.0,19,12.2,47155.0,851.0,7.3,0,0,1,0,0,1,0,0,0,0
339,36,2317.0,17,14.0,51004.0,730.0,6.9,0,0,1,0,0,0,0,1,0,0
340,48,2553.0,21,11.5,56561.0,928.0,7.8,0,0,1,0,0,1,0,0,0,0
341,37,2070.0,19,8.7,47980.0,876.0,7.7,0,0,1,0,0,1,0,0,0,0
342,39,2394.0,16,7.3,47061.0,716.0,7.2,0,1,0,0,0,1,0,0,0,0
343,54,2682.0,24,7.1,44172.0,776.0,7.5,0,0,1,0,0,1,0,0,0,0
344,45,2265.0,14,6.9,47550.0,779.0,7.3,1,0,0,0,0,1,0,0,0,0
345,34,2735.0,17,8.77,75315.0,780.0,7.0,1,0,0,0,0,1,0,0,0,0
346,40,2703.0,22,8.1,34394.0,917.0,7.3,0,0,1,0,0,0,0,1,0,0
347,35,2664.0,14,6.8,47951.0,804.0,7.3,0,0,0,1,0,0,0,1,0,0
348,46,2621.0,11,8.3,55726.0,882.0,7.7,0,0,1,0,0,0,0,1,0,0
349,37,2233.0,14,8.9,41484.0,775.0,7.1,0,0,1,0,0,0,0,1,0,0
350,35,2168.0,16,10.0,48194.0,715.0,7.3,0,0,1,0,0,0,0,1,0,0
351,45,2376.0,23,10.4,43869.0,734.0,6.9,0,0,1,0,0,1,0,0,0,0
352,30,2227.0,16,18.5,49893.0,761.0,7.5,0,1,0,0,0,1,0,0,0,0
353,39,2311.0,20,9.6,41259.0,822.0,6.6,0,0,1,0,0,0,0,1,0,0
354,37,2423.0,10,8.3,74046.0,955.0,7.9,0,1,0,0,0,1,0,0,0,0
355,33,2407.0,19,16.8,49325.0,766.0,7.3,0,0,1,0,0,1,0,0,0,0
356,29,2333.0,12,9.8,50427.0,777.0,7.3,0,0,1,0,0,1,0,0,0,0
357,28,2338.0,21,8.3,48786.0,724.0,7.4,0,0,1,0,0,0,1,0,0,0
358,30,2655.0,28,11.8,70913.0,1110.0,8.6,1,0,0,0,0,0,0,0,0,1
359,47,1988.0,17,16.1,45718.0,691.0,6.5,0,0,0,1,0,0,0,1,0,0
360,45,2358.0,13,13.1,49321.0,721.0,7.3,0,1,0,0,0,1,0,0,0,0
361,44,1682.0,28,13.4,56698.0,688.0,7.0,0,1,0,0,0,1,0,0,0,0
362,50,2255.0,19,12.4,69650.0,704.0,7.7,1,0,0,0,0,0,0,0,1,0
363,40,2202.0,18,11.8,47193.0,598.0,6.9,0,1,0,0,0,0,0,1,0,0
364,35,2619.0,15,12.7,37456.0,631.0,7.0,0,0,0,1,0,0,0,0,1,0
365,32,2251.0,20,14.9,47251.0,674.0,7.1,0,0,1,0,0,0,0,1,0,0
366,29,2314.0,15,12.5,54539.0,765.0,7.7,0,0,1,0,0,0,0,1,0,0
367,57,2496.0,20,17.4,55369.0,704.0,7.1,0,0,0,0,1,0,0,1,0,0
368,44,2157.0,28,11.2,45176.0,621.0,7.1,1,0,0,0,0,0,0,1,0,0
369,49,2569.0,20,14.4,44837.0,577.0,6.9,0,1,0,0,0,0,0,1,0,0
370,27,2280.0,17,13.4,37376.0,651.0,7.2,0,1,0,0,0,1,0,0,0,0
371,32,2574.0,22,12.5,35578.0,713.0,7.3,0,0,1,0,0,0,0,1,0,0
372,35,2194.0,13,13.2,45824.0,692.0,7.1,0,0,0,1,0,0,0,1,0,0
373,48,2169.0,21,15.1,42907.0,633.0,6.8,0,0,1,0,0,1,0,0,0,0
374,40,2129.0,28,11.7,50301.0,630.0,7.3,0,0,1,0,0,0,0,1,0,0
375,35,1965.0,18,15.4,51877.0,644.0,6.9,0,0,0,0,1,0,0,1,0,0
376,34,2038.0,21,11.8,45684.0,649.0,6.9,0,0,1,0,0,0,0,1,0,0
377,44,1941.0,14,14.2,49429.0,642.0,7.3,0,0,0,0,1,0,0,1,0,0
378,43,2143.0,23,11.2,46466.0,613.0,7.2,0,0,0,1,0,0,0,1,0,0
379,42,2026.0,23,11.59,43223.0,574.0,6.8,0,0,1,0,0,0,0,1,0,0
380,42,2318.0,20,15.0,40867.0,593.0,7.1,0,1,0,0,0,1,0,0,0,0
381,43,2316.0,21,21.3,47276.0,650.0,6.6,0,0,1,0,0,0,0,1,0,0
382,40,2302.0,29,11.71,49000.0,651.0,7.0,0,0,1,0,0,1,0,0,0,0
383,45,2156.0,20,12.1,50464.0,575.0,6.6,0,0,1,0,0,1,0,0,0,0
384,35,2141.0,18,16.22,68381.0,738.0,7.4,0,1,0,0,0,0,0,1,0,0
385,20,2271.0,15,9.1,60763.0,1137.0,8.6,0,1,0,0,0,1,0,0,0,0
386,42,2264.0,30,10.5,37890.0,576.0,6.6,0,1,0,0,0,1,0,0,0,0
387,48,2293.0,18,12.0,50276.0,589.0,6.7,0,0,0,0,1,0,0,1,0,0
388,40,2567.0,23,10.6,45062.0,596.0,7.3,0,0,1,0,0,0,0,1,0,0
389,42,2391.0,12,11.64,41064.0,566.0,7.0,0,0,0,0,1,0,0,1,0,0
390,52,2427.0,25,8.7,56275.0,593.0,6.2,0,0,1,0,0,0,0,1,0,0
391,24,2224.0,8,8.72,44500.0,554.0,6.8,0,0,1,0,0,1,0,0,0,0
392,42,2346.0,25,10.3,40306.0,543.0,6.9,0,0,1,0,0,0,0,1,0,0
393,46,2437.0,23,9.4,46792.0,583.0,7.3,1,0,0,0,0,0,0,1,0,0
394,35,2401.0,21,10.7,43747.0,568.0,6.9,0,0,1,0,0,0,0,1,0,0
395,57,2343.0,21,23.07,43356.0,582.0,6.4,0,0,1,0,0,0,0,1,0,0
396,45,2133.0,15,9.79,35717.0,585.0,6.9,0,0,1,0,0,0,0,1,0,0
397,46,2145.0,27,10.5,44539.0,599.0,6.9,1,0,0,0,0,1,0,0,0,0
398,22,2635.0,11,10.19,35779.0,558.0,7.0,0,0,1,0,0,0,0,1,0,0
399,51,2013.0,18,11.63,74401.0,646.0,7.3,0,0,1,0,0,0,0,1,0,0
400,37,2275.0,22,10.1,39552.0,554.0,6.7,0,0,1,0,0,0,0,1,0,0
401,32,2299.0,18,10.81,38908.0,562.0,6.6,0,0,0,0,1,0,0,1,0,0
402,38,2532.0,13,9.2,42440.0,560.0,6.7,0,1,0,0,0,0,0,1,0,0
403,40,2268.0,24,8.31,53146.0,615.0,7.3,0,1,0,0,0,0,0,1,0,0
404,36,2221.0,30,10.39,45513.0,706.0,7.0,0,1,0,0,0,1,0,0,0,0
405,40,2355.0,16,9.5,46273.0,600.0,7.3,0,0,1,0,0,1,0,0,0,0
406,41,2252.0,29,9.04,43599.0,535.0,7.0,0,0,1,0,0,0,0,1,0,0
407,28,2129.0,19,10.39,46309.0,572.0,6.9,0,0,0,1,0,0,0,1,0,0
408,31,2151.0,14,8.17,44606.0,546.0,7.1,0,0,1,0,0,1,0,0,0,0
409,34,2138.0,29,11.29,72271.0,666.0,7.4,0,0,1,0,0,1,0,0,0,0
410,49,2480.0,30,8.11,43118.0,554.0,7.3,0,0,1,0,0,1,0,0,0,0
411,33,2541.0,18,8.01,42759.0,607.0,6.8,0,1,0,0,0,0,0,1,0,0
412,22,2544.0,16,10.3,21214.0,887.0,7.6,0,1,0,0,0,0,1,0,0,0
413,40,2217.0,13,8.7,45267.0,582.0,7.2,0,0,0,1,0,0,0,0,1,0
414,47,2105.0,19,8.3,48419.0,596.0,7.1,0,0,0,1,0,1,0,0,0,0
415,43,2249.0,22,7.57,44770.0,585.0,6.3,0,0,1,0,0,1,0,0,0,0
416,30,1813.0,22,11.7,69957.0,687.0,7.1,0,0,1,0,0,0,0,1,0,0
417,26,2098.0,16,8.98,41751.0,606.0,6.3,0,1,0,0,0,0,0,1,0,0
418,34,2479.0,20,6.9,39238.0,585.0,6.1,0,1,0,0,0,0,0,1,0,0
419,30,2269.0,14,8.23,42778.0,587.0,6.6,0,0,1,0,0,0,0,1,0,0
420,38,1698.0,23,13.9,41312.0,615.0,6.6,0,0,1,0,0,1,0,0,0,0
421,30,2295.0,21,8.09,45781.0,638.0,7.0,1,0,0,0,0,0,0,1,0,0
422,47,1842.0,21,10.43,68799.0,723.0,7.1,0,0,1,0,0,0,0,1,0,0
423,30,2354.0,25,7.6,43485.0,1069.0,6.3,0,1,0,0,0,0,0,1,0,0
424,37,2167.0,19,6.19,38247.0,615.0,6.6,0,1,0,0,0,1,0,0,0,0
425,29,2252.0,25,9.31,37177.0,605.0,6.8,0,1,0,0,0,1,0,0,0,0
426,37,2342.0,17,8.29,41161.0,578.0,7.2,1,0,0,0,0,0,0,1,0,0
427,38,2412.0,18,10.5,44445.0,762.0,7.1,0,0,1,0,0,1,0,0,0,0
428,36,2596.0,14,6.11,44616.0,538.0,6.4,0,1,0,0,0,1,0,0,0,0
429,48,2255.0,24,9.8,45281.0,692.0,7.3,0,0,1,0,0,0,0,1,0,0
430,25,2303.0,27,8.16,40078.0,615.0,6.6,0,0,1,0,0,1,0,0,0,0
431,48,2499.0,28,8.8,45036.0,617.0,7.3,0,1,0,0,0,1,0,0,0,0
432,41,1897.0,23,8.09,67621.0,580.0,7.0,0,0,1,0,0,1,0,0,0,0
433,44,2307.0,10,6.4,47107.0,678.0,7.3,0,0,1,0,0,0,0,1,0,0
434,28,1791.0,17,6.48,42892.0,569.0,7.0,0,0,1,0,0,1,0,0,0,0
435,28,2052.0,18,7.3,41658.0,626.0,7.3,0,0,0,1,0,0,0,1,0,0
436,50,1939.0,29,7.81,40507.0,636.0,6.6,0,1,0,0,0,1,0,0,0,0
437,41,2145.0,22,7.8,40353.0,728.0,7.1,0,0,1,0,0,0,0,1,0,0
438,27,2360.0,22,9.3,45735.0,780.0,7.2,0,0,1,0,0,0,0,1,0,0
439,39,2361.0,14,6.18,41440.0,585.0,7.0,0,0,0,1,0,1,0,0,0,0
440,25,2415.0,12,7.35,43240.0,899.0,7.5,1,0,0,0,0,0,0,1,0,0
441,33,2208.0,16,6.82,40679.0,591.0,7.0,0,0,1,0,0,1,0,0,0,0
442,30,2293.0,16,5.99,41165.0,582.0,7.0,0,0,1,0,0,0,0,1,0,0
443,37,2610.0,22,7.75,31638.0,691.0,6.3,0,0,0,1,0,1,0,0,0,0
444,40,2500.0,25,6.75,45032.0,613.0,7.1,0,0,1,0,0,1,0,0,0,0
445,33,2121.0,23,6.26,43446.0,545.0,7.2,0,1,0,0,0,0,0,1,0,0
446,27,2108.0,19,6.5,45179.0,605.0,7.2,1,0,0,0,0,0,0,0,1,0
447,33,2131.0,18,14.62,40194.0,552.0,6.7,0,1,0,0,0,0,0,1,0,0
448,28,2245.0,15,9.32,38196.0,585.0,6.6,1,0,0,0,0,0,0,0,1,0
449,24,2461.0,15,6.5,40864.0,604.0,7.2,0,1,0,0,0,0,0,1,0,0
450,38,2133.0,21,5.93,41528.0,482.0,6.9,0,1,0,0,0,1,0,0,0,0
451,40,2202.0,15,7.5,39134.0,562.0,6.3,0,0,0,0,1,0,0,1,0,0
452,56,2294.0,15,6.06,45738.0,519.0,7.2,0,0,0,1,0,0,0,1,0,0
453,34,2144.0,18,6.2,42142.0,489.0,6.7,0,1,0,0,0,0,0,1,0,0
454,50,2263.0,17,5.61,42028.0,461.0,6.9,0,0,1,0,0,1,0,0,0,0
455,28,2355.0,25,6.08,41059.0,496.0,6.6,0,0,0,1,0,0,0,1,0,0
456,37,2282.0,22,6.58,38097.0,479.0,6.5,0,1,0,0,0,1,0,0,0,0
457,38,2558.0,23,7.11,38097.0,542.0,7.2,1,0,0,0,0,0,0,1,0,0
458,32,2293.0,19,5.87,44945.0,525.0,6.8,0,0,1,0,0,1,0,0,0,0
459,30,2136.0,17,6.14,41202.0,470.0,6.5,0,0,1,0,0,1,0,0,0,0
460,37,1905.0,16,9.04,42893.0,560.0,6.7,0,0,1,0,0,0,0,1,0,0
461,32,2037.0,12,5.48,46154.0,483.0,7.2,0,0,1,0,0,0,0,1,0,0
462,32,1957.0,9,5.69,40487.0,554.0,7.0,1,0,0,0,0,0,0,0,1,0
463,30,1869.0,18,9.38,37568.0,489.0,6.4,1,0,0,0,0,0,0,1,0,0
464,32,2384.0,22,6.1,41638.0,486.0,6.6,0,0,1,0,0,1,0,0,0,0
465,38,2051.0,18,12.6,41253.0,464.0,6.3,1,0,0,0,0,0,0,1,0,0
466,29,2124.0,19,6.72,39073.0,501.0,6.8,0,0,0,1,0,0,0,1,0,0
467,39,2506.0,16,6.47,42734.0,520.0,6.9,0,1,0,0,0,1,0,0,0,0
468,33,2484.0,17,7.7,46822.0,815.0,7.3,0,0,1,0,0,0,0,1,0,0
469,34,2375.0,13,6.19,37642.0,528.0,7.0,0,1,0,0,0,0,0,0,1,0
470,37,2055.0,20,7.97,38034.0,491.0,6.7,0,0,1,0,0,0,0,0,0,1
471,42,2062.0,25,11.48,43275.0,553.0,7.0,0,0,1,0,0,0,0,0,1,0
472,33,2023.0,13,4.83,40646.0,475.0,7.1,0,1,0,0,0,1,0,0,0,0
473,52,2710.0,14,4.07,47005.0,408.0,6.7,0,1,0,0,0,0,0,1,0,0
474,40,2456.0,22,6.86,35136.0,415.0,6.7,0,0,1,0,0,0,0,1,0,0
475,46,2211.0,24,8.97,42306.0,411.0,6.9,0,0,1,0,0,0,0,1,0,0
476,43,2251.0,23,5.43,39301.0,482.0,6.5,0,1,0,0,0,1,0,0,0,0
477,43,2130.0,22,6.85,43717.0,440.0,7.0,0,1,0,0,0,0,0,0,1,0
478,30,2280.0,11,5.0,53058.0,568.0,7.4,1,0,0,0,0,1,0,0,0,0
479,26,2765.0,25,5.77,42780.0,712.0,7.8,0,0,0,1,0,1,0,0,0,0
480,38,1922.0,16,4.26,40669.0,490.0,6.5,0,0,0,1,0,0,0,1,0,0
481,49,2615.0,15,12.04,45354.0,648.0,7.6,0,0,1,0,0,0,0,1,0,0
482,32,2386.0,14,5.09,45133.0,425.0,6.9,0,0,1,0,0,0,0,1,0,0
483,33,2217.0,13,4.85,42925.0,418.0,7.0,0,0,1,0,0,1,0,0,0,0
484,37,2160.0,18,5.25,43615.0,493.0,7.1,0,0,1,0,0,0,0,0,0,1
485,42,2097.0,21,6.42,64758.0,654.0,7.1,0,0,1,0,0,1,0,0,0,0
486,44,2438.0,15,4.54,41184.0,405.0,6.5,0,0,1,0,0,1,0,0,0,0
487,34,2558.0,17,5.23,42215.0,405.0,6.6,0,0,1,0,0,0,0,1,0,0
488,45,2517.0,25,8.08,36570.0,597.0,6.4,1,0,0,0,0,1,0,0,0,0
489,41,2254.0,14,7.46,43211.0,430.0,6.5,0,0,1,0,0,0,0,1,0,0
490,33,1639.0,19,6.57,67484.0,600.0,7.3,0,0,1,0,0,0,0,1,0,0
491,32,2603.0,22,7.44,40649.0,493.0,7.2,0,0,1,0,0,0,0,1,0,0
492,32,2109.0,28,4.57,42807.0,406.0,7.0,0,1,0,0,0,0,0,1,0,0
493,40,2007.0,22,4.16,42426.0,410.0,6.3,0,0,0,0,1,0,0,1,0,0
494,27,2176.0,18,4.08,40671.0,442.0,7.1,0,0,1,0,0,1,0,0,0,0
495,41,2580.0,12,4.52,44984.0,396.0,7.0,0,0,0,0,1,0,0,1,0,0
496,33,2217.0,14,8.6,52778.0,831.0,7.3,0,0,0,0,1,0,0,1,0,0
497,42,1928.0,14,4.02,44271.0,407.0,6.6,0,0,1,0,0,0,0,1,0,0
498,32,1942.0,21,3.45,48760.0,445.0,5.8,1,0,0,0,0,1,0,0,0,0
499,30,2491.0,20,3.45,38432.0,431.0,6.5,0,0,1,0,0,1,0,0,0,0
500,39,2193.0,13,2.78,36221.0,377.0,6.3,0,0,1,0,0,0,0,1,0,0
503,34,2063.0,11,3.66,51132.0,402.0,6.7,0,0,0,0,1,0,0,1,0,0
505,1,1.0,1,3.12,40783.0,330.0,6.2,0,1,0,0,0,1,0,0,0,0
506,1,1.0,1,3.59,37874.0,374.0,6.7,0,1,0,0,0,1,0,0,0,0
508,29,2200.0,19,4.28,39702.0,434.0,7.3,0,0,1,0,0,0,0,1,0,0
510,1,1.0,1,3.33,42123.0,347.0,6.9,0,1,0,0,0,1,0,0,0,0
511,19,1831.0,18,3.79,43023.0,377.0,6.9,0,0,0,0,1,0,0,1,0,0
512,33,2110.0,20,8.53,29526.0,652.0,5.8,0,1,0,0,0,1,0,0,0,0
513,26,2009.0,19,7.33,42912.0,457.0,6.5,0,0,0,0,1,1,0,0,0,0
515,38,2022.0,14,6.52,37064.0,432.0,6.8,0,0,1,0,0,1,0,0,0,0
516,48,2058.0,21,7.76,65425.0,612.0,7.3,0,1,0,0,0,0,0,1,0,0
517,41,2163.0,13,2.67,35846.0,360.0,6.7,0,1,0,0,0,0,1,0,0,0
519,1,1.0,1,2.82,47429.0,335.0,6.9,0,1,0,0,0,1,0,0,0,0
523,32,2584.0,17,20.6,58561.0,1257.0,8.0,0,0,1,0,0,0,0,1,0,0
524,44,2620.0,15,23.9,58968.0,1618.0,8.8,0,1,0,0,0,1,0,0,0,0
525,21,2542.0,23,27.1,63129.0,1732.0,8.1,1,0,0,0,0,0,0,1,0,0
526,33,2698.0,19,17.2,50936.0,1227.0,8.2,0,1,0,0,0,0,0,1,0,0
527,33,2068.0,13,19.3,64605.0,1747.0,9.0,0,0,1,0,0,0,0,1,0,0
528,39,1680.0,26,20.0,65585.0,2010.0,9.0,0,1,0,0,0,0,0,1,0,0
529,48,2439.0,17,18.7,74139.0,1085.0,7.7,0,1,0,0,0,1,0,0,0,0
530,38,2415.0,21,18.2,75439.0,1505.0,8.8,0,0,1,0,0,1,0,0,0,0
531,34,2423.0,10,19.7,66406.0,1118.0,8.4,0,1,0,0,0,0,0,0,1,0
532,45,2374.0,22,15.5,74427.0,1103.0,8.2,0,1,0,0,0,1,0,0,0,0
533,30,2019.0,26,22.2,119295.0,1690.0,9.0,0,0,1,0,0,1,0,0,0,0
534,53,2491.0,14,15.0,86070.0,1619.0,9.1,0,1,0,0,0,0,0,0,1,0
535,53,2591.0,12,13.9,79609.0,2439.0,9.2,0,1,0,0,0,1,0,0,0,0
536,35,2092.0,16,14.9,64743.0,1383.0,8.5,0,0,1,0,0,1,0,0,0,0
537,18,2367.0,9,11.8,74177.0,2256.0,9.2,0,1,0,0,0,0,0,0,0,1
538,47,2010.0,18,10.9,30963.0,1019.0,8.1,0,0,1,0,0,0,0,1,0,0
539,35,2500.0,11,11.4,19419.0,905.0,7.7,0,1,0,0,0,0,0,1,0,0
540,36,2307.0,13,8.3,45779.0,901.0,7.6,0,0,1,0,0,1,0,0,0,0
541,48,2142.0,15,15.9,56755.0,836.0,8.0,0,1,0,0,0,0,0,0,1,0
542,53,2171.0,19,18.5,68784.0,899.0,8.0,0,0,1,0,0,0,0,1,0,0
543,33,1861.0,26,14.4,53728.0,1095.0,8.6,0,0,1,0,0,0,0,1,0,0
544,53,2234.0,22,8.2,53639.0,701.0,8.0,0,0,1,0,0,0,0,1,0,0
545,54,1952.0,30,16.7,71817.0,752.0,7.6,0,0,1,0,0,1,0,0,0,0
546,41,2164.0,18,6.43,69460.0,905.0,8.2,0,1,0,0,0,0,0,1,0,0
547,39,2117.0,14,6.7,48223.0,977.0,7.9,0,0,1,0,0,0,0,1,0,0
550,34,2338.0,22,27.5,78072.0,1709.0,7.5,0,0,1,0,0,1,0,0,0,0
551,45,2555.0,21,7.76,48070.0,809.0,7.3,0,0,0,1,0,0,0,0,1,0
552,53,2377.0,19,16.2,40990.0,803.0,7.4,0,0,1,0,0,0,0,1,0,0
553,41,2381.0,23,15.0,44005.0,762.0,7.2,0,0,1,0,0,1,0,0,0,0
554,40,1998.0,21,14.5,41049.0,623.0,6.5,0,1,0,0,0,0,0,1,0,0
555,48,2070.0,30,12.6,43756.0,555.0,7.1,0,0,0,1,0,0,0,0,1,0
556,54,2335.0,32,8.9,42492.0,575.0,7.1,0,1,0,0,0,1,0,0,0,0
557,31,2339.0,22,8.49,45489.0,530.0,7.0,0,0,1,0,0,0,0,1,0,0
558,27,2519.0,14,11.92,41620.0,661.0,7.4,0,0,1,0,0,0,0,1,0,0
559,21,2444.0,30,9.72,48854.0,642.0,7.4,0,1,0,0,0,0,1,0,0,0
560,29,2631.0,14,10.09,41323.0,854.0,6.5,0,1,0,0,0,0,0,1,0,0
561,47,2334.0,16,7.04,42280.0,549.0,6.7,0,0,1,0,0,1,0,0,0,0
562,38,1941.0,22,7.7,35926.0,637.0,7.2,0,0,1,0,0,0,0,1,0,0
563,41,2321.0,13,8.52,38879.0,599.0,7.1,0,0,1,0,0,0,0,1,0,0
564,1,1.0,1,5.86,6477.0,648.0,7.2,0,1,0,0,0,1,0,0,0,0
565,29,1912.0,14,8.59,66209.0,671.0,7.3,0,1,0,0,0,0,1,0,0,0
566,27,2425.0,13,5.65,44645.0,482.0,6.7,0,1,0,0,0,1,0,0,0,0
567,36,1856.0,9,5.94,40632.0,511.0,6.9,0,0,1,0,0,0,0,1,0,0
568,25,1737.0,24,8.19,61954.0,680.0,7.1,0,0,1,0,0,1,0,0,0,0
569,34,2575.0,14,5.61,41687.0,493.0,6.8,0,0,1,0,0,0,0,0,0,1
570,40,2141.0,15,4.89,44170.0,417.0,7.1,0,1,0,0,0,0,0,0,1,0
571,22,2449.0,25,4.01,42996.0,460.0,7.2,0,0,1,0,0,0,0,1,0,0
572,42,2380.0,24,3.91,42080.0,430.0,6.9,0,0,1,0,0,0,0,0,1,0
573,24,2411.0,15,3.93,34137.0,372.0,6.6,0,1,0,0,0,0,1,0,0,0
577,47,2068.0,21,18.1,50903.0,833.0,7.2,0,1,0,0,0,1,0,0,0,0
578,49,2099.0,30,12.3,54348.0,649.0,7.0,0,0,1,0,0,0,0,1,0,0
579,37,2174.0,18,10.8,48954.0,642.0,7.1,0,0,1,0,0,0,0,1,0,0
580,51,2395.0,15,22.1,42885.0,628.0,7.3,0,0,0,1,0,0,0,0,1,0
581,47,2486.0,12,14.4,42185.0,599.0,7.1,0,1,0,0,0,0,0,1,0,0
582,50,2450.0,27,12.2,43134.0,705.0,7.1,0,0,1,0,0,0,0,1,0,0
583,40,2714.0,14,9.69,48303.0,635.0,7.2,0,0,1,0,0,0,0,1,0,0
584,26,2231.0,19,11.4,39428.0,578.0,6.9,0,0,0,0,1,0,0,1,0,0
585,37,2122.0,17,8.2,47829.0,677.0,7.2,0,0,1,0,0,1,0,0,0,0
586,31,1790.0,8,8.94,33495.0,671.0,6.7,0,0,0,1,0,1,0,0,0,0
587,31,2111.0,20,9.7,36253.0,706.0,6.7,0,0,1,0,0,0,0,1,0,0
588,30,2055.0,22,8.8,35850.0,620.0,6.9,0,0,0,0,1,1,0,0,0,0
589,31,2095.0,24,10.15,44862.0,949.0,8.2,0,0,1,0,0,0,0,1,0,0
590,27,2071.0,22,5.75,38582.0,706.0,5.9,0,0,0,1,0,0,0,1,0,0
591,30,1837.0,16,6.52,41271.0,603.0,7.0,0,1,0,0,0,0,0,0,1,0
592,41,2155.0,20,6.15,45727.0,619.0,6.3,0,0,1,0,0,1,0,0,0,0
593,34,2372.0,20,6.58,43254.0,571.0,6.8,0,0,1,0,0,0,0,1,0,0
594,31,2692.0,17,5.25,43681.0,492.0,7.0,0,1,0,0,0,0,1,0,0,0
595,34,1949.0,16,5.77,45226.0,580.0,7.0,0,0,1,0,0,1,0,0,0,0
596,39,2074.0,27,4.97,44818.0,541.0,7.3,0,0,1,0,0,0,0,1,0,0
597,31,2348.0,28,5.65,39687.0,460.0,6.9,0,0,1,0,0,0,0,1,0,0
598,37,2228.0,17,2.69,39292.0,473.0,6.4,1,0,0,0,0,0,0,1,0,0
599,45,2416.0,19,3.64,55742.0,504.0,7.0,0,1,0,0,0,1,0,0,0,0
